{"sections":{"main":{"type":"main-article","blocks":{"featured_image":{"type":"featured_image","settings":{"image_height":"medium"}},"title":{"type":"title","settings":{"blog_show_date":true,"blog_show_author":false}},"content":{"type":"content","settings":{}},"share":{"type":"share","settings":{"share_label":"Share"}}},"block_order":["featured_image","title","content","share"],"custom_css":["{margin-top:30px;}",".media {box-shadow: 0px 0px 6px 0px rgba(0, 0, 0, 0.3); border-radius: 10px;}",".article-template__title {color: #ffa4b6;}",".caption-with-letter-spacing {color: #80acd7;}",".article-template__link {color: #ffa4b6;}",".share-button__button,.share-button__fallback button {color: #ffa4b6;}"],"settings":{}}},"order":["main"]}