{"sections":{"image_banner_9M9Cxj":{"type":"image-banner","settings":{"image":"shopify:\/\/shop_images\/BLOG.svg","image_2":"shopify:\/\/shop_images\/BLOG.svg","image_overlay_opacity":0,"banner_link":"","image_height":"medium","desktop_content_position":"middle-center","show_text_box":true,"desktop_content_alignment":"center","color_scheme":"","image_behavior":"none","mobile_content_alignment":"center","stack_images_on_mobile":true,"show_text_below":true}},"main":{"type":"main-blog","settings":{"layout":"collage","show_image":true,"image_height":"medium","show_date":true,"show_author":false,"padding_top":36,"padding_bottom":36}}},"order":["image_banner_9M9Cxj","main"]}