{"sections":{"cart-items":{"type":"main-cart-items","settings":{"color_scheme":"scheme-2bf0b847-6646-4a40-b17d-2d0e32772554","padding_top":36,"padding_bottom":36}},"cart-footer":{"type":"main-cart-footer","blocks":{"subtotal":{"type":"subtotal","settings":{}},"buttons":{"type":"buttons","settings":{}}},"block_order":["subtotal","buttons"],"custom_css":["{margin-bottom: 30px;}",".button,.button-label,.shopify-challenge__button,.customer button {background: #7fc7c8;}"],"settings":{"color_scheme":"scheme-a555bbbf-4688-4411-bba6-d63b1bb77e89","padding_top":20,"padding_bottom":40}}},"order":["cart-items","cart-footer"]}