{"sections":{"banner":{"type":"main-collection-banner","custom_css":[".collection-hero {text-align: center;}",".collection-hero__title {text-transform: uppercase; font-weight: 600;}"],"settings":{"show_collection_description":true,"show_collection_image":false,"color_scheme":"scheme-efc2f06a-33ae-4aca-80aa-115237fc2c9c"}},"product-grid":{"type":"main-collection-product-grid","settings":{"products_per_page":16,"columns_desktop":4,"color_scheme":"scheme-921933ca-ad00-4602-8632-477b46efa2c6","image_ratio":"adapt","image_shape":"default","show_secondary_image":false,"show_vendor":true,"show_rating":false,"enable_quick_add":false,"enable_filtering":true,"filter_type":"drawer","enable_sorting":true,"columns_mobile":"2","padding_top":36,"padding_bottom":36}}},"order":["banner","product-grid"]}