{"sections":{"image_banner_responsive_ptLMBp":{"type":"image-banner-responsive","settings":{"image":"shopify:\/\/shop_images\/1.svg","mobile_image":"shopify:\/\/shop_images\/Peachmelody_Mobile_Hero_SECTION_800_x_1000_px.svg","banner_link":"shopify:\/\/collections\/new-arrivals","image_overlay_opacity":0,"image_height":"adapt","desktop_content_position":"middle-center","show_text_box":true,"desktop_content_alignment":"center","color_scheme":"","mobile_content_alignment":"center","stack_images_on_mobile":true,"show_text_below":true}},"collection_list_RtdDXa":{"type":"collection-list","blocks":{"featured_collection_XqpPVk":{"type":"featured_collection","settings":{"collection":"all-things-new"}},"featured_collection_7KRgmY":{"type":"featured_collection","settings":{"collection":"best-sellers"}},"featured_collection_9gYVwV":{"type":"featured_collection","settings":{"collection":"now-on-sale"}},"featured_collection_8z9gby":{"type":"featured_collection","settings":{"collection":"new-arrivals"}}},"block_order":["featured_collection_XqpPVk","featured_collection_7KRgmY","featured_collection_9gYVwV","featured_collection_8z9gby"],"custom_css":[],"settings":{"title":"","heading_size":"h1","image_ratio":"adapt","columns_desktop":4,"color_scheme":"scheme-c829191c-7dae-4998-9b75-2ea1f54493d3","show_view_all":false,"columns_mobile":"2","swipe_on_mobile":false,"padding_top":36,"padding_bottom":36}},"section_marquee_3k_RTDeGR":{"type":"section-marquee-3k","settings":{"text":"<h4><strong>❤ WINTER SALE COMING ❤<\/strong><\/h4>","speed_range":0.6,"pause_marquee":false,"reverse_direction":false,"text_color":"#ffffff","background_color":"#fc79aa","font_size":1.5,"letter_spacing":0,"gap_size":12,"padding_top":12,"padding_bottom":12}},"featured_collection_FfwPfn":{"type":"featured-collection","custom_css":[],"settings":{"title":"<strong>Fresh Looks Daily!<\/strong>","heading_size":"h2","description":"<h4>New Arrivals, Fully Loaded: Get Yours Today!<\/h4>","show_description":false,"description_style":"body","collection":"best-sellers","products_to_show":4,"columns_desktop":4,"full_width":false,"show_view_all":true,"view_all_style":"solid","enable_desktop_slider":false,"color_scheme":"scheme-c829191c-7dae-4998-9b75-2ea1f54493d3","image_ratio":"adapt","image_shape":"default","show_secondary_image":false,"show_vendor":false,"show_rating":false,"enable_quick_add":false,"columns_mobile":"2","swipe_on_mobile":false,"padding_top":36,"padding_bottom":36}},"image_banner_CQF48C":{"type":"image-banner","settings":{"image":"shopify:\/\/shop_images\/SUBSCRIBE_SHOPIFY.svg","image_overlay_opacity":0,"banner_link":"","image_height":"adapt","desktop_content_position":"middle-center","show_text_box":true,"desktop_content_alignment":"center","color_scheme":"","image_behavior":"none","mobile_content_alignment":"center","stack_images_on_mobile":true,"show_text_below":true}},"newsletter_4qdd7D":{"type":"newsletter","blocks":{"email_form_nM4fHh":{"type":"email_form","settings":{}}},"block_order":["email_form_nM4fHh"],"custom_css":[".newsletter-form__field-wrapper .field__input {background-color: #fff; border-radius: 8px; box-shadow: 0px 0px 6px 0px rgba(0, 0, 0, 0.29);}"],"settings":{"color_scheme":"scheme-6302a415-6efb-4687-9371-3fe7388774a6","full_width":true,"padding_top":0,"padding_bottom":20}},"image_banner_responsive_QJrYAE":{"type":"image-banner-responsive","custom_css":["{margin-top: 30px;}"],"settings":{"image":"shopify:\/\/shop_images\/2.svg","mobile_image":"shopify:\/\/shop_images\/2_fce98ef4-109e-4632-bb33-9a6aeb4c517b.svg","banner_link":"shopify:\/\/collections\/best-sellers","image_overlay_opacity":0,"image_height":"adapt","desktop_content_position":"middle-center","show_text_box":true,"desktop_content_alignment":"center","color_scheme":"","mobile_content_alignment":"center","stack_images_on_mobile":true,"show_text_below":true}},"multirow_6GnUzp":{"type":"multirow","blocks":{"row_cJEGTB":{"type":"row","settings":{"image":"shopify:\/\/shop_images\/model-laughs-barefoot.jpg","caption":"","heading":"<strong>About us<\/strong>","text":"<h4>Good day! We are thrilled to have you as our customer and we would like to take this opportunity to share some information about our brand with you. Our company has been in the business for several years now and we are dedicated to delivering high-quality products to meet your needs and exceed your expectations.<\/h4>","button_label":"Click here","button_link":"shopify:\/\/pages\/about-us"}}},"block_order":["row_cJEGTB"],"custom_css":[".image-with-text__content .image-with-text__text + .button {background: #fea86a;}"],"settings":{"image_height":"medium","desktop_image_width":"medium","heading_size":"h1","text_style":"body","button_style":"primary","desktop_content_position":"middle","desktop_content_alignment":"left","image_layout":"alternate-left","section_color_scheme":"scheme-8dfed2a5-cd49-4c09-8235-f73e1f974ae5","row_color_scheme":"scheme-6302a415-6efb-4687-9371-3fe7388774a6","mobile_content_alignment":"center","padding_top":36,"padding_bottom":36}},"section_marquee_3k_TqFjdb":{"type":"section-marquee-3k","custom_css":["{margin-top: 30px;}"],"settings":{"text":"<h4><strong>❤ USE CODE \"NEW30\" FOR 30% OFF NEW ARRIVALS ❤<\/strong><\/h4>","speed_range":0.6,"pause_marquee":false,"reverse_direction":false,"text_color":"#FFFFFF","background_color":"#ffc645","font_size":1.5,"letter_spacing":0,"gap_size":22,"padding_top":12,"padding_bottom":12}},"featured_collection_dQjFnL":{"type":"featured-collection","settings":{"title":"<strong>New In, Now Out!<\/strong>","heading_size":"h2","description":"<h3>All-New, Fully Stocked: Don't Miss Out!<\/h3>","show_description":false,"description_style":"body","collection":"now-on-sale","products_to_show":4,"columns_desktop":4,"full_width":false,"show_view_all":true,"view_all_style":"solid","enable_desktop_slider":false,"color_scheme":"scheme-2bf0b847-6646-4a40-b17d-2d0e32772554","image_ratio":"adapt","image_shape":"default","show_secondary_image":false,"show_vendor":false,"show_rating":false,"enable_quick_add":false,"columns_mobile":"2","swipe_on_mobile":false,"padding_top":36,"padding_bottom":36}},"image_banner_responsive_LtBgAR":{"type":"image-banner-responsive","settings":{"image":"shopify:\/\/shop_images\/3.svg","mobile_image":"shopify:\/\/shop_images\/3_e5399f02-f068-4e2a-9362-9a61b45104b3.svg","banner_link":"shopify:\/\/collections\/now-on-sale","image_overlay_opacity":0,"image_height":"adapt","desktop_content_position":"middle-center","show_text_box":true,"desktop_content_alignment":"center","color_scheme":"","mobile_content_alignment":"center","stack_images_on_mobile":true,"show_text_below":true}},"image_banner_zMjQCe":{"type":"image-banner","custom_css":["{margin-top: 30px;}"],"settings":{"image":"shopify:\/\/shop_images\/CUSTOMERS_SHOPIFY.svg","image_overlay_opacity":0,"banner_link":"","image_height":"adapt","desktop_content_position":"middle-center","show_text_box":true,"desktop_content_alignment":"center","color_scheme":"","image_behavior":"none","mobile_content_alignment":"center","stack_images_on_mobile":true,"show_text_below":true}},"multicolumn_mdL4YG":{"type":"multicolumn","blocks":{"column_McEVEH":{"type":"column","settings":{"title":"★★★★★","text":"<h2><strong>I love it so much!<\/strong><\/h2><h4>Lorem ipsum dolor sit amet, consectetur adipiscing elit. Ut elit tellus, luctus nec ullamcorper mattis, pulvinar dapibus leo.<\/h4>","link_label":"","link":""}},"column_ptEi3X":{"type":"column","settings":{"title":"★★★★★","text":"<h2><strong>I love it so much!<\/strong><\/h2><h4>Lorem ipsum dolor sit amet, consectetur adipiscing elit. Ut elit tellus, luctus nec ullamcorper mattis, pulvinar dapibus leo.<\/h4>","link_label":"","link":""}},"column_tUzmfm":{"type":"column","settings":{"title":"★★★★★","text":"<h2><strong>I love it so much!<\/strong><\/h2><h4>Lorem ipsum dolor sit amet, consectetur adipiscing elit. Ut elit tellus, luctus nec ullamcorper mattis, pulvinar dapibus leo.<\/h4>","link_label":"","link":""}}},"block_order":["column_McEVEH","column_ptEi3X","column_tUzmfm"],"custom_css":["{text-align: center;}"],"settings":{"title":"","heading_size":"h2","image_width":"full","image_ratio":"adapt","columns_desktop":3,"column_alignment":"left","background_style":"primary","button_label":"","button_link":"","color_scheme":"scheme-6302a415-6efb-4687-9371-3fe7388774a6","columns_mobile":"1","swipe_on_mobile":false,"padding_top":36,"padding_bottom":36}},"image_banner_c8tNfJ":{"type":"image-banner","custom_css":["{margin-top: 30px;}"],"settings":{"image":"shopify:\/\/shop_images\/INSTAGRAM.svg","image_overlay_opacity":0,"banner_link":"","image_height":"adapt","desktop_content_position":"middle-center","show_text_box":true,"desktop_content_alignment":"center","color_scheme":"","image_behavior":"none","mobile_content_alignment":"center","stack_images_on_mobile":true,"show_text_below":true}},"17097078452a075446":{"type":"apps","blocks":{"instafeed_app_block_WnamgM":{"type":"shopify:\/\/apps\/instafeed\/blocks\/app-block\/c447db20-095d-4a10-9725-b5977662c9d5","settings":{"title":"","title_color":"","alignment":"center","background_color":"","html_area":""}}},"block_order":["instafeed_app_block_WnamgM"],"custom_css":["{margin-top: 10px; padding: 0px;}"],"settings":{"include_margins":false}}},"order":["image_banner_responsive_ptLMBp","collection_list_RtdDXa","section_marquee_3k_RTDeGR","featured_collection_FfwPfn","image_banner_CQF48C","newsletter_4qdd7D","image_banner_responsive_QJrYAE","multirow_6GnUzp","section_marquee_3k_TqFjdb","featured_collection_dQjFnL","image_banner_responsive_LtBgAR","image_banner_zMjQCe","multicolumn_mdL4YG","image_banner_c8tNfJ","17097078452a075446"]}