{"sections":{"main":{"type":"main-page","disabled":true,"settings":{"padding_top":28,"padding_bottom":28}},"rich_text_c9YtWJ":{"type":"rich-text","blocks":{"heading_zUUAyB":{"type":"heading","settings":{"heading":"<strong>FAQ<\/strong>","heading_size":"h2"}},"text_8dm8jz":{"type":"text","settings":{"text":"<h3>Check out our Frequently Asked Questions below. If you still need help please contact us.<\/h3>"}}},"block_order":["heading_zUUAyB","text_8dm8jz"],"settings":{"desktop_content_position":"center","content_alignment":"center","color_scheme":"scheme-2bf0b847-6646-4a40-b17d-2d0e32772554","full_width":true,"padding_top":40,"padding_bottom":52}},"collapsible_content_Q89RAR":{"type":"collapsible-content","blocks":{"collapsible_row_KknNWR":{"type":"collapsible_row","settings":{"heading":"Where do you ship to?","icon":"truck","row_content":"<p>Lorem ipsum dolor sit amet, consectetur adipiscing elit. Ut elit tellus, luctus nec ullamcorper mattis, pulvinar dapibus leo.<\/p>","page":""}},"collapsible_row_bwYpNV":{"type":"collapsible_row","settings":{"heading":"How long does shipping take?","icon":"truck","row_content":"<p>Lorem ipsum dolor sit amet, consectetur adipiscing elit. Ut elit tellus, luctus nec ullamcorper mattis, pulvinar dapibus leo.<\/p>","page":""}},"collapsible_row_7fD9BT":{"type":"collapsible_row","settings":{"heading":"How do I track my order?","icon":"truck","row_content":"<p>Lorem ipsum dolor sit amet, consectetur adipiscing elit. Ut elit tellus, luctus nec ullamcorper mattis, pulvinar dapibus leo.<\/p>","page":""}}},"block_order":["collapsible_row_KknNWR","collapsible_row_bwYpNV","collapsible_row_7fD9BT"],"settings":{"caption":"","heading":"<strong>Shipping<\/strong>","heading_size":"h2","heading_alignment":"center","layout":"row","color_scheme":"scheme-602cb7ef-0821-41a6-b609-faccee511b9f","container_color_scheme":"scheme-3fdfcfbd-7b12-4f6c-ada2-b8a5da9a7758","open_first_collapsible_row":false,"image_ratio":"adapt","desktop_layout":"image_second","padding_top":36,"padding_bottom":36}},"collapsible_content_ziEyGW":{"type":"collapsible-content","blocks":{"collapsible_row_kpq9UA":{"type":"collapsible_row","settings":{"heading":"How do I return an item?","icon":"return","row_content":"<p>Lorem ipsum dolor sit amet, consectetur adipiscing elit. Ut elit tellus, luctus nec ullamcorper mattis, pulvinar dapibus leo.<\/p>","page":""}},"collapsible_row_kfek8W":{"type":"collapsible_row","settings":{"heading":"How long does it take to process my return?","icon":"return","row_content":"<p>Lorem ipsum dolor sit amet, consectetur adipiscing elit. Ut elit tellus, luctus nec ullamcorper mattis, pulvinar dapibus leo.<\/p>","page":""}},"collapsible_row_mPmKBc":{"type":"collapsible_row","settings":{"heading":"Can I exchange for a different item?","icon":"return","row_content":"<p>Lorem ipsum dolor sit amet, consectetur adipiscing elit. Ut elit tellus, luctus nec ullamcorper mattis, pulvinar dapibus leo.<\/p>","page":""}}},"block_order":["collapsible_row_kpq9UA","collapsible_row_kfek8W","collapsible_row_mPmKBc"],"settings":{"caption":"","heading":"<strong>Returns<\/strong>","heading_size":"h2","heading_alignment":"center","layout":"row","color_scheme":"scheme-6302a415-6efb-4687-9371-3fe7388774a6","container_color_scheme":"scheme-a555bbbf-4688-4411-bba6-d63b1bb77e89","open_first_collapsible_row":false,"image_ratio":"adapt","desktop_layout":"image_second","padding_top":36,"padding_bottom":36}},"collapsible_content_8Mkc8W":{"type":"collapsible-content","blocks":{"collapsible_row_cT9Wex":{"type":"collapsible_row","settings":{"heading":"Question Here","icon":"question_mark","row_content":"<p>Lorem ipsum dolor sit amet, consectetur adipiscing elit. Ut elit tellus, luctus nec ullamcorper mattis, pulvinar dapibus leo.<\/p>","page":""}},"collapsible_row_VzwtCP":{"type":"collapsible_row","settings":{"heading":"Question Here","icon":"question_mark","row_content":"<p>Lorem ipsum dolor sit amet, consectetur adipiscing elit. Ut elit tellus, luctus nec ullamcorper mattis, pulvinar dapibus leo.<\/p>","page":""}},"collapsible_row_RJ6NfA":{"type":"collapsible_row","settings":{"heading":"Question Here","icon":"question_mark","row_content":"<p>Lorem ipsum dolor sit amet, consectetur adipiscing elit. Ut elit tellus, luctus nec ullamcorper mattis, pulvinar dapibus leo.<\/p>","page":""}}},"block_order":["collapsible_row_cT9Wex","collapsible_row_VzwtCP","collapsible_row_RJ6NfA"],"settings":{"caption":"","heading":"","heading_size":"h1","heading_alignment":"center","layout":"row","color_scheme":"","container_color_scheme":"scheme-6d43d889-3205-4ec9-b125-4e21c2a49be6","open_first_collapsible_row":false,"image_ratio":"adapt","desktop_layout":"image_second","padding_top":36,"padding_bottom":36}}},"order":["main","rich_text_c9YtWJ","collapsible_content_Q89RAR","collapsible_content_ziEyGW","collapsible_content_8Mkc8W"]}