{"sections":{"image_banner_9zKarm":{"type":"image-banner","settings":{"image":"shopify:\/\/shop_images\/CONTACT_US.svg","image_overlay_opacity":0,"banner_link":"","image_height":"adapt","desktop_content_position":"middle-center","show_text_box":true,"desktop_content_alignment":"center","color_scheme":"","image_behavior":"none","mobile_content_alignment":"center","stack_images_on_mobile":true,"show_text_below":true}},"main":{"type":"main-page","disabled":true,"settings":{"padding_top":36,"padding_bottom":36}},"form":{"type":"contact-form","custom_css":["{margin-top: 30px; margin-bottom: 30px;}"],"settings":{"heading":"","heading_size":"h1","color_scheme":"scheme-c829191c-7dae-4998-9b75-2ea1f54493d3","padding_top":36,"padding_bottom":36}}},"order":["image_banner_9zKarm","main","form"]}