{"sections":{"main":{"type":"main-page","disabled":true,"settings":{"padding_top":28,"padding_bottom":28}},"image_banner_responsive_jzBniC":{"type":"image-banner-responsive","settings":{"image":"shopify:\/\/shop_images\/BLOG.svg","mobile_image":"shopify:\/\/shop_images\/ABOUT_US_2.svg","banner_link":"","image_overlay_opacity":0,"image_height":"adapt","desktop_content_position":"middle-center","show_text_box":true,"desktop_content_alignment":"center","color_scheme":"","mobile_content_alignment":"center","stack_images_on_mobile":true,"show_text_below":true}},"featured_blog_kpfyx4":{"type":"featured-blog","custom_css":[".article-card__excerpt {display: none;}",".article-card .card__heading {font-size: 15px; color: #fea86a; font-family: \"Poppins\", Sans-serif;}"],"settings":{"heading":"","heading_size":"h1","blog":"news","post_limit":4,"columns_desktop":4,"color_scheme":"scheme-2bf0b847-6646-4a40-b17d-2d0e32772554","show_image":true,"show_date":true,"show_author":false,"show_view_all":true,"padding_top":20,"padding_bottom":20}},"featured_collection_xRWzJM":{"type":"featured-collection","settings":{"title":"<strong>Fresh Looks Daily!<\/strong>","heading_size":"h2","description":"<h4><strong>New Arrivals, Fully Loaded: Get Yours Today!<\/strong><\/h4>","show_description":false,"description_style":"body","collection":"best-sellers","products_to_show":4,"columns_desktop":4,"full_width":false,"show_view_all":true,"view_all_style":"solid","enable_desktop_slider":false,"color_scheme":"scheme-2bf0b847-6646-4a40-b17d-2d0e32772554","image_ratio":"adapt","image_shape":"default","show_secondary_image":false,"show_vendor":false,"show_rating":false,"enable_quick_add":false,"columns_mobile":"2","swipe_on_mobile":false,"padding_top":36,"padding_bottom":36}}},"order":["main","image_banner_responsive_jzBniC","featured_blog_kpfyx4","featured_collection_xRWzJM"]}