{"sections":{"main":{"type":"main-page","disabled":true,"settings":{"padding_top":28,"padding_bottom":28}},"image_banner_KRHWVA":{"type":"image-banner","settings":{"image":"shopify:\/\/shop_images\/About_Us_Section.png","image_overlay_opacity":0,"image_height":"adapt","desktop_content_position":"middle-center","show_text_box":true,"desktop_content_alignment":"center","color_scheme":"","image_behavior":"none","mobile_content_alignment":"center","stack_images_on_mobile":true,"show_text_below":true}},"image_with_text_n3kUfk":{"type":"image-with-text","blocks":{"heading_JpttTN":{"type":"heading","settings":{"heading":"<strong>WELCOME TO DRESSY<\/strong>","heading_size":"h2"}},"text_f7dbj7":{"type":"text","settings":{"text":"<h4><strong>Good day! We are thrilled to have you as our customer and we would like to take this opportunity to share some information about our brand with you. Our company has been in the business for several years now and we are dedicated to delivering high-quality products to meet your needs and exceed your expectations.<\/strong><\/h4>","text_style":"body"}},"button_hwxE3J":{"type":"button","settings":{"button_label":"Button label","button_link":"","button_style_secondary":false}}},"block_order":["heading_JpttTN","text_f7dbj7","button_hwxE3J"],"custom_css":[],"settings":{"image":"shopify:\/\/shop_images\/GIRL8_5b096b09-d0bb-459d-811f-d30345d366e9.png","height":"adapt","desktop_image_width":"medium","layout":"image_first","desktop_content_position":"top","desktop_content_alignment":"left","content_layout":"no-overlap","section_color_scheme":"","color_scheme":"","image_behavior":"none","mobile_content_alignment":"left","padding_top":36,"padding_bottom":36}},"featured_collection_xRWzJM":{"type":"featured-collection","settings":{"title":"<strong>Fresh Looks Daily!<\/strong>","heading_size":"h2","description":"<h4><strong>New Arrivals, Fully Loaded: Get Yours Today!<\/strong><\/h4>","show_description":false,"description_style":"body","collection":"all-new-arrivals","products_to_show":4,"columns_desktop":4,"full_width":false,"show_view_all":true,"view_all_style":"solid","enable_desktop_slider":false,"color_scheme":"","image_ratio":"adapt","image_shape":"default","show_secondary_image":false,"show_vendor":false,"show_rating":false,"enable_quick_add":false,"columns_mobile":"2","swipe_on_mobile":false,"padding_top":36,"padding_bottom":36}}},"order":["main","image_banner_KRHWVA","image_with_text_n3kUfk","featured_collection_xRWzJM"]}