{"sections":{"main":{"type":"main-page","disabled":true,"settings":{"padding_top":28,"padding_bottom":28}},"image_banner_responsive_PKqaCE":{"type":"image-banner-responsive","settings":{"image":"shopify:\/\/shop_images\/ABOUT_US.svg","mobile_image":"shopify:\/\/shop_images\/ABOUT_US_4aaa5043-b1d4-4f36-b7bf-c1b236c52964.svg","banner_link":"","image_overlay_opacity":0,"image_height":"adapt","desktop_content_position":"middle-center","show_text_box":true,"desktop_content_alignment":"center","color_scheme":"","mobile_content_alignment":"center","stack_images_on_mobile":true,"show_text_below":true}},"multirow_kkGyUt":{"type":"multirow","blocks":{"row_qFXge7":{"type":"row","settings":{"image":"shopify:\/\/shop_images\/12.png","caption":"","heading":"WELCOME TO PEACH","text":"<p>Pair text with an image to focus on your chosen product, collection, or blog post. Add details on availability, style, or even provide a review.<\/p>","button_label":"VIEW MORE","button_link":"shopify:\/\/pages\/about-us"}},"row_7Tzwjw":{"type":"row","settings":{"image":"shopify:\/\/shop_images\/contact-us-image.jpg","caption":"","heading":"WELCOME TO PEACH","text":"<p>Pair text with an image to focus on your chosen product, collection, or blog post. Add details on availability, style, or even provide a review.<\/p>","button_label":"VIEW MORE","button_link":"shopify:\/\/pages\/about-us"}}},"block_order":["row_qFXge7","row_7Tzwjw"],"custom_css":[".image-with-text__content .image-with-text__text + .button {background: #fea86a;}"],"settings":{"image_height":"medium","desktop_image_width":"medium","heading_size":"h1","text_style":"body","button_style":"primary","desktop_content_position":"middle","desktop_content_alignment":"left","image_layout":"alternate-left","section_color_scheme":"","row_color_scheme":"","mobile_content_alignment":"center","padding_top":36,"padding_bottom":36}},"featured_collection_xRWzJM":{"type":"featured-collection","settings":{"title":"<strong>Fresh Looks Daily!<\/strong>","heading_size":"h2","description":"<h4><strong>New Arrivals, Fully Loaded: Get Yours Today!<\/strong><\/h4>","show_description":false,"description_style":"body","collection":"new-arrivals","products_to_show":4,"columns_desktop":4,"full_width":false,"show_view_all":true,"view_all_style":"solid","enable_desktop_slider":false,"color_scheme":"scheme-2bf0b847-6646-4a40-b17d-2d0e32772554","image_ratio":"adapt","image_shape":"default","show_secondary_image":false,"show_vendor":false,"show_rating":false,"enable_quick_add":false,"columns_mobile":"2","swipe_on_mobile":false,"padding_top":36,"padding_bottom":36}}},"order":["main","image_banner_responsive_PKqaCE","multirow_kkGyUt","featured_collection_xRWzJM"]}