{"sections":{"main":{"type":"main-product","blocks":{"title":{"type":"title","settings":{}},"price":{"type":"price","settings":{}},"variant_picker":{"type":"variant_picker","settings":{"picker_type":"button","swatch_shape":"circle"}},"quantity_selector":{"type":"quantity_selector","settings":{}},"buy_buttons":{"type":"buy_buttons","settings":{"show_dynamic_checkout":true,"show_gift_card_recipient":true}},"description":{"type":"description","settings":{}},"share":{"type":"share","settings":{"share_label":"Share"}}},"block_order":["title","price","variant_picker","quantity_selector","buy_buttons","description","share"],"custom_css":["dynamic-checkout .shopify-payment-button__button,cart-wallet-buttons .shopify-payment-button__button {background: #ffc645;}",".product-form__submit {background: #fea86a; color: #fff;}",".product__title {font-size: 13px;}",".shopify-payment-button__button--unbranded {background-color: #fdc647;}"],"settings":{"enable_sticky_info":true,"color_scheme":"scheme-c829191c-7dae-4998-9b75-2ea1f54493d3","media_size":"small","constrain_to_viewport":true,"media_fit":"contain","gallery_layout":"stacked","media_position":"left","image_zoom":"lightbox","mobile_thumbnails":"show","hide_variants":true,"enable_video_looping":false,"padding_top":36,"padding_bottom":12}},"related-products":{"type":"related-products","settings":{"heading":"You may also like","heading_size":"h2","products_to_show":4,"columns_desktop":4,"color_scheme":"scheme-2bf0b847-6646-4a40-b17d-2d0e32772554","image_ratio":"square","image_shape":"default","show_secondary_image":true,"show_vendor":false,"show_rating":false,"columns_mobile":"2","padding_top":36,"padding_bottom":28}}},"order":["main","related-products"]}