{"name":"t:sections.footer.name","type":"footer","sections":{"footer":{"type":"footer","blocks":{"link_list_BEmhhB":{"type":"link_list","settings":{"heading":"<strong>QUICK LINKS<\/strong>","menu":"footer"}},"link_list_6xGfbJ":{"type":"link_list","settings":{"heading":"<strong>HELP<\/strong>","menu":"footer"}},"text_itYTFx":{"type":"text","settings":{"heading":"<strong>PEACH MELODY<\/strong>","subtext":"<p>If you are looking for stunning, eye-catching, and professional website designs, you have come to the right place.<\/p>"}}},"block_order":["link_list_BEmhhB","link_list_6xGfbJ","text_itYTFx"],"custom_css":[".newsletter-form__field-wrapper .field__input {background-color: ; box-shadow: 0px 0px 6px 0px rgba(0, 0, 0, 0.29);}","{margin-top: 20px;}"],"settings":{"color_scheme":"scheme-efc2f06a-33ae-4aca-80aa-115237fc2c9c","newsletter_enable":true,"newsletter_heading":"Get early access to new collections and exclusive offers.","enable_follow_on_shop":true,"show_social":true,"enable_country_selector":true,"enable_language_selector":true,"payment_enable":true,"show_policy":false,"margin_top":0,"padding_top":36,"padding_bottom":36}}},"order":["footer"]}